post,url,status,local_path,wayback_timestamp
2017-08-08-ays-daily-digest-08-08-17-afghan-youths-in-sweden-have-had-enough-of-the-deportations-192aac4fa6be.md,https://media.euobserver.com/67d8a895a21062b5144916f1c9544e42-800x.jpg,already_saved,../assets/192aac4fa6be/67d8a895a21062b5144916f1c9544e42-800x.jpg,
2016-09-25-ays-daily-digest-24-25-09-borderscankill-bddfb7acd057.md,https://www.ecchr.eu/fileadmin/_processed_/f/5/csm_MIG_EN_FB_fb539279f7.png,already_saved,../assets/bddfb7acd057/csm_MIG_EN_FB_fb539279f7.png,
2017-10-07-ays-daily-digest-06-10-17-moria-overcrowding-reaches-tipping-point-7bc241b770e1.md,https://www.refugeecouncil.org.uk/wp-content/uploads/2019/03/Project-asylum-destitution-20190401.jpg,already_saved,../assets/7bc241b770e1/Project-asylum-destitution-20190401.jpg,
2018-04-09-ays-special-from-turkey-abandoned-in-the-fields-654d3f925141.md,https://miro.medium.com/max/1137/1*VILMsnzbZ4_0f75C9dbIog.jpeg,already_saved,../assets/654d3f925141/1_VILMsnzbZ4_0f75C9dbIog.jpeg,
2018-04-22-ays-interview-with-jugend-rettet-the-accusations-are-just-empty-claims-ba873e0f53f4.md,https://miro.medium.com/max/1119/1*imJ4HvbIPXrqA1QChgfM1g.jpeg,already_saved,../assets/ba873e0f53f4/1_imJ4HvbIPXrqA1QChgfM1g.jpeg,
2018-09-06-ays-daily-digest-5-9-2018-the-dunkirk-jungle-is-about-to-be-cleared-ae50c46035e6.md,https://miro.medium.com/max/1200/1*njvCWTM9ve6Czd4yeAz77A.jpeg,already_saved,../assets/ae50c46035e6/1_njvCWTM9ve6Czd4yeAz77A.jpeg,
2018-09-25-ays-daily-digest-24-9-2018-the-so-called-salvini-decree-under-debate-as-sources-say-it-could-be-9543946a2671.md,https://onboard-aquarius.org/uploads/2018/09/0923_Rescue-recap.jpg,already_saved,../assets/9543946a2671/0923_Rescue-recap.jpg,
2018-11-26-الملخص-الأسبوعي-ا-ي-س-عمليات-الإخلاء-والمعاملة-اللاإنسانية-للاجئين-في-أوروبا-f5b8200541a2.md,https://miro.medium.com/max/960/1*7O2P4BmLYerA4FW7icY4zQ.jpeg,already_saved,../assets/f5b8200541a2/1_7O2P4BmLYerA4FW7icY4zQ.jpeg,
2018-12-03-خبرهای-هفتگی-آر-یو-س-بازداشتگاه-ها-در-سه-منطقه-ی-آلمان-eff619e8ee0d.md,https://miro.medium.com/max/1200/1*RrmE1D7Gakjgw4V57DTyBQ.jpeg,already_saved,../assets/eff619e8ee0d/1_RrmE1D7Gakjgw4V57DTyBQ.jpeg,
2018-12-10-خلاصـــــــــــة-الاسبـــــــــــــــــــــــــــــوع-ا-ي-س-30ad27d6325a.md,https://miro.medium.com/max/960/1*mgiGhxkHOSkz4XIjS2HfYA.jpeg,already_saved,../assets/30ad27d6325a/1_mgiGhxkHOSkz4XIjS2HfYA.jpeg,
2018-12-10-خلاصـــــــــــة-الاسبـــــــــــــــــــــــــــــوع-ا-ي-س-30ad27d6325a.md,https://miro.medium.com/max/1200/1*E3fqUD6vikXQspYraY-x6A.jpeg,already_saved,../assets/30ad27d6325a/1_E3fqUD6vikXQspYraY-x6A.jpeg,
2018-12-15-ays-daily-digest-14-12-2018-italy-not-safe-for-vulnerable-dublin-returnees-86265f0fd1b1.md,https://gallery.mailchimp.com/8d81f4ffa9beca7e468324daa/images/2781a37f-d236-4fdc-8fa8-df395a805278.jpg?fbclid=IwAR0ETLbDdjHhHjcvChSZuPMp8cgAoMENJB4rtoTix18lz3nNBbamxs9WPm8,not_in_wayback,,
2016-05-24-ays-digest-more-than-2-700-people-rescued-between-europe-and-lybia-61a2a1d59f6f.md,https://miro.medium.com/max/1200/1*DtBvDJg2ycCo9A6c5VgL2w.jpeg,not_in_wayback,,
2018-10-03-ays-daily-digest-02-10-2018-hands-off-mimmo-lucano-ea5ea1bc3270.md,https://www.dropbox.com/s/bi5qpjm7ia70o40/deadman.jpeg?dl=0&utm_source=Press+English&utm_campaign=45f9f74ae0-EMAIL_CAMPAIGN_2018_10_02_08_18&utm_medium=email&utm_term=0_56ddae8e9a-45f9f74ae0-105383331,not_in_wayback,,
2016-10-07-ays-digest-7-10-heroes-of-peace-the-white-helmets-6fbbfb06cb72.md,https://miro.medium.com/max/1200/1*i8sGd4DMYyVk56Wfb8FI4g.jpeg,not_in_wayback,,
2017-02-13-ays-daily-digest-12-2-2017-they-said-we-had-to-get-out-of-france-4d11f2011a75.md,https://enoughisenough14.files.wordpress.com/2017/02/img_20170211_141025.jpg?w=640,not_in_wayback,,
2016-12-24-ays-daily-digest-23-12-16-ae454b518995.md,https://images.jg-cdn.com/image/356957f9-f5b0-4e97-9c66-553665b6c247.jpg?template=size1200x630face,not_in_wayback,,
2016-10-16-ays-digest-15-10-four-hospitals-and-an-ambulance-bombed-in-aleppo-b205b92435de.md,http://beta.bhmac.org/mapa.jpg,not_in_wayback,,
2018-12-11-ays-daily-news-digest-10-12-18-human-rights-nice-anniversary-but-no-implementation-138b9e2cec98.md,https://i0.wp.com/freedomnews.org.uk/wp-content/uploads/2018/11/Stansted-15-demo-outside-Chelmsford-court_1000.jpeg?fit=1000%2C437&ssl=1,not_in_wayback,,
2018-01-23-ays-daily-digest-22-01-2018-germanys-foreign-office-spreaded-inaccurate-information-569c899f47a6.md,https://miro.medium.com/max/800/1*Z75vvF7fKW2CaNamy3Fmfw.jpeg,not_in_wayback,,
2018-04-09-ays-special-from-turkey-abandoned-in-the-fields-654d3f925141.md,https://miro.medium.com/max/1200/1*ZRGO2e9rs3n2cOhypa_Jdg.jpeg,not_in_wayback,,
2017-09-30-ays-29-09-2017-the-consequences-of-the-eu-turkey-deal-cd255b4d93fa.md,https://miro.medium.com/max/940/1*zeYkxStHQ45EJth5mGgL_A.jpeg,not_in_wayback,,
2017-07-24-ays-daily-digest-23-07-2017-moria-hunger-strike-continues-6ce43f4e8307.md,https://pbs.twimg.com/media/DFb7HSsXUAAr2Zl.jpg,not_in_wayback,,
2018-12-19-خلاصه-خبری-هفتگیه-آر-یو-س-شواهد-و-مدارک-جمع-آوری-شده-ی-دیپورت-کردن-پناهندگان-از-کرواسی-3c9b1df4f9e6.md,https://miro.medium.com/max/742/1*m0iEUZjgBuO54BCAWHZOJg.jpeg,not_in_wayback,,
